,link,title
0,https://www.idealist.org//en/nonprofit-job/55462ffb6fc7430dbac079e26ded9113-design-specialist-office-of-communications-the-urban-institute-washington-dc-washington,Design Specialist (Office of Communications)
1,https://www.idealist.org//en/nonprofit-job/b060bb7e8fef491e8fdb160bfe1cacda-chapter-coordinator-association-of-corporate-counsel-washington,Chapter Coordinator
2,https://www.idealist.org//en/nonprofit-job/ba065227b1604ebeb5b6dc68c3094e2e-assistant-director-of-development-annual-fund-edmund-burke-school-washington,"Assistant Director of Development, Annual Fund"
3,https://www.idealist.org//en/nonprofit-job/f42596aaeb0648d09fff4be07d992da9-membership-services-coordinator-general-federation-of-womens-clubs-washington,Membership Services Coordinator
4,https://www.idealist.org//en/job/686e9ee27c034824a1fb1eaecf16bf10-content-producer-for-live-event-programming-brainstorm-creative-resources-washington,Content Producer for Live Event Programming
5,https://www.idealist.org//en/nonprofit-job/7e88918ffa224c649ef9d7b80f7b0766-donor-relationship-manager-catholic-charities-of-the-diocese-of-arlington-arlington,Donor Relationship Manager
6,https://www.idealist.org//en/nonprofit-job/5bf7321550c64ef6ba74fedab5ca3266-dc-workforce-readiness-mentor-generation-you-employed-inc-washington,DC Workforce Readiness Mentor
7,https://www.idealist.org//en/consultant-job/ab011a8f2dd544eea9ff8ee7b996477d-operations-and-accounting-assistant-mr-washington,Operations and Accounting Assistant
8,https://www.idealist.org//en/nonprofit-job/c63a19ebebc14589a1fc51db086fdcf8-digital-associate-marketing-development-department-partnership-for-a-healthier-america-washington,"Digital Associate, Marketing & Development Department"
9,https://www.idealist.org//en/nonprofit-job/ecfce7c62ae24a0787fa5cdb12dd7ec9-executive-assistant-to-the-president-womens-learning-partnership-for-rights-development-and-peace-wlp-bethesda,Executive Assistant to the President
10,https://www.idealist.org//en/nonprofit-job/047906f2b8d54e019c91510694b7f74f-executive-director-stable-washington,Executive Director
11,https://www.idealist.org//en/nonprofit-job/ce134ad53bd44c4ca0264389c4702210-program-clerk-association-of-farmworker-opportunity-programs-washington,Program Clerk
12,https://www.idealist.org//en/nonprofit-job/30d60e56906c416092eb308ff3a89e31-communication-coordinator-association-of-farmworker-opportunity-programs-washington,Communication Coordinator
13,https://www.idealist.org//en/nonprofit-job/7f1696ca0a0649dfb3a398620af8c2d0-customer-engagement-manager-advanced-energy-economy-washington,Customer Engagement Manager
14,https://www.idealist.org//en/nonprofit-job/2e4fd249d3ea4206a88f6745010cf3ce-advancement-specialist-american-council-on-education-washington,Advancement Specialist
15,https://www.idealist.org//en/job/24b28233ea5345cb9f54e248e94daa24-development-and-communications-coordinator-careers-in-nonprofits-inc-washington,Development and Communications Coordinator
16,https://www.idealist.org//en/consultant-job/664e4e0d52514112a2ea1a4ff83fad5d-video-editor-in-house-rising-tide-interactive-washington,Video Editor (In-House)
17,https://www.idealist.org//en/nonprofit-job/b5443b053eb645348a974d369408dbb6-membership-development-assistant-glen-echo-park-partnership-for-arts-and-culture-inc-glen-echo,Membership & Development Assistant
18,https://www.idealist.org//en/nonprofit-job/58a1994e6a40430f8876857a4fed1745-marketing-and-development-officer-the-batonga-foundation-washington,Marketing and Development Officer
19,https://www.idealist.org//en/job/3134161c2df74be9b3486ecfd4cee579-communications-associate-consumer-reports-washington,Communications Associate
20,https://www.idealist.org//en/nonprofit-job/55462ffb6fc7430dbac079e26ded9113-design-specialist-office-of-communications-the-urban-institute-washington-dc-washington,Design Specialist (Office of Communications)
21,https://www.idealist.org//en/nonprofit-job/b060bb7e8fef491e8fdb160bfe1cacda-chapter-coordinator-association-of-corporate-counsel-washington,Chapter Coordinator
22,https://www.idealist.org//en/nonprofit-job/ba065227b1604ebeb5b6dc68c3094e2e-assistant-director-of-development-annual-fund-edmund-burke-school-washington,"Assistant Director of Development, Annual Fund"
23,https://www.idealist.org//en/nonprofit-job/f42596aaeb0648d09fff4be07d992da9-membership-services-coordinator-general-federation-of-womens-clubs-washington,Membership Services Coordinator
24,https://www.idealist.org//en/job/686e9ee27c034824a1fb1eaecf16bf10-content-producer-for-live-event-programming-brainstorm-creative-resources-washington,Content Producer for Live Event Programming
25,https://www.idealist.org//en/nonprofit-job/7e88918ffa224c649ef9d7b80f7b0766-donor-relationship-manager-catholic-charities-of-the-diocese-of-arlington-arlington,Donor Relationship Manager
26,https://www.idealist.org//en/nonprofit-job/5bf7321550c64ef6ba74fedab5ca3266-dc-workforce-readiness-mentor-generation-you-employed-inc-washington,DC Workforce Readiness Mentor
27,https://www.idealist.org//en/consultant-job/ab011a8f2dd544eea9ff8ee7b996477d-operations-and-accounting-assistant-mr-washington,Operations and Accounting Assistant
28,https://www.idealist.org//en/nonprofit-job/c63a19ebebc14589a1fc51db086fdcf8-digital-associate-marketing-development-department-partnership-for-a-healthier-america-washington,"Digital Associate, Marketing & Development Department"
29,https://www.idealist.org//en/nonprofit-job/ecfce7c62ae24a0787fa5cdb12dd7ec9-executive-assistant-to-the-president-womens-learning-partnership-for-rights-development-and-peace-wlp-bethesda,Executive Assistant to the President
30,https://www.idealist.org//en/nonprofit-job/047906f2b8d54e019c91510694b7f74f-executive-director-stable-washington,Executive Director
31,https://www.idealist.org//en/nonprofit-job/ce134ad53bd44c4ca0264389c4702210-program-clerk-association-of-farmworker-opportunity-programs-washington,Program Clerk
32,https://www.idealist.org//en/nonprofit-job/30d60e56906c416092eb308ff3a89e31-communication-coordinator-association-of-farmworker-opportunity-programs-washington,Communication Coordinator
33,https://www.idealist.org//en/nonprofit-job/7f1696ca0a0649dfb3a398620af8c2d0-customer-engagement-manager-advanced-energy-economy-washington,Customer Engagement Manager
34,https://www.idealist.org//en/nonprofit-job/2e4fd249d3ea4206a88f6745010cf3ce-advancement-specialist-american-council-on-education-washington,Advancement Specialist
35,https://www.idealist.org//en/job/24b28233ea5345cb9f54e248e94daa24-development-and-communications-coordinator-careers-in-nonprofits-inc-washington,Development and Communications Coordinator
36,https://www.idealist.org//en/consultant-job/664e4e0d52514112a2ea1a4ff83fad5d-video-editor-in-house-rising-tide-interactive-washington,Video Editor (In-House)
37,https://www.idealist.org//en/nonprofit-job/b5443b053eb645348a974d369408dbb6-membership-development-assistant-glen-echo-park-partnership-for-arts-and-culture-inc-glen-echo,Membership & Development Assistant
38,https://www.idealist.org//en/nonprofit-job/58a1994e6a40430f8876857a4fed1745-marketing-and-development-officer-the-batonga-foundation-washington,Marketing and Development Officer
39,https://www.idealist.org//en/job/3134161c2df74be9b3486ecfd4cee579-communications-associate-consumer-reports-washington,Communications Associate
40,https://www.idealist.org//en/nonprofit-job/55462ffb6fc7430dbac079e26ded9113-design-specialist-office-of-communications-the-urban-institute-washington-dc-washington,Design Specialist (Office of Communications)
41,https://www.idealist.org//en/nonprofit-job/b060bb7e8fef491e8fdb160bfe1cacda-chapter-coordinator-association-of-corporate-counsel-washington,Chapter Coordinator
42,https://www.idealist.org//en/nonprofit-job/ba065227b1604ebeb5b6dc68c3094e2e-assistant-director-of-development-annual-fund-edmund-burke-school-washington,"Assistant Director of Development, Annual Fund"
43,https://www.idealist.org//en/nonprofit-job/f42596aaeb0648d09fff4be07d992da9-membership-services-coordinator-general-federation-of-womens-clubs-washington,Membership Services Coordinator
44,https://www.idealist.org//en/job/686e9ee27c034824a1fb1eaecf16bf10-content-producer-for-live-event-programming-brainstorm-creative-resources-washington,Content Producer for Live Event Programming
45,https://www.idealist.org//en/nonprofit-job/7e88918ffa224c649ef9d7b80f7b0766-donor-relationship-manager-catholic-charities-of-the-diocese-of-arlington-arlington,Donor Relationship Manager
46,https://www.idealist.org//en/nonprofit-job/5bf7321550c64ef6ba74fedab5ca3266-dc-workforce-readiness-mentor-generation-you-employed-inc-washington,DC Workforce Readiness Mentor
47,https://www.idealist.org//en/consultant-job/ab011a8f2dd544eea9ff8ee7b996477d-operations-and-accounting-assistant-mr-washington,Operations and Accounting Assistant
48,https://www.idealist.org//en/nonprofit-job/c63a19ebebc14589a1fc51db086fdcf8-digital-associate-marketing-development-department-partnership-for-a-healthier-america-washington,"Digital Associate, Marketing & Development Department"
49,https://www.idealist.org//en/nonprofit-job/ecfce7c62ae24a0787fa5cdb12dd7ec9-executive-assistant-to-the-president-womens-learning-partnership-for-rights-development-and-peace-wlp-bethesda,Executive Assistant to the President
50,https://www.idealist.org//en/nonprofit-job/047906f2b8d54e019c91510694b7f74f-executive-director-stable-washington,Executive Director
51,https://www.idealist.org//en/nonprofit-job/ce134ad53bd44c4ca0264389c4702210-program-clerk-association-of-farmworker-opportunity-programs-washington,Program Clerk
52,https://www.idealist.org//en/nonprofit-job/30d60e56906c416092eb308ff3a89e31-communication-coordinator-association-of-farmworker-opportunity-programs-washington,Communication Coordinator
53,https://www.idealist.org//en/nonprofit-job/7f1696ca0a0649dfb3a398620af8c2d0-customer-engagement-manager-advanced-energy-economy-washington,Customer Engagement Manager
54,https://www.idealist.org//en/nonprofit-job/2e4fd249d3ea4206a88f6745010cf3ce-advancement-specialist-american-council-on-education-washington,Advancement Specialist
55,https://www.idealist.org//en/job/24b28233ea5345cb9f54e248e94daa24-development-and-communications-coordinator-careers-in-nonprofits-inc-washington,Development and Communications Coordinator
56,https://www.idealist.org//en/consultant-job/664e4e0d52514112a2ea1a4ff83fad5d-video-editor-in-house-rising-tide-interactive-washington,Video Editor (In-House)
57,https://www.idealist.org//en/nonprofit-job/b5443b053eb645348a974d369408dbb6-membership-development-assistant-glen-echo-park-partnership-for-arts-and-culture-inc-glen-echo,Membership & Development Assistant
58,https://www.idealist.org//en/nonprofit-job/58a1994e6a40430f8876857a4fed1745-marketing-and-development-officer-the-batonga-foundation-washington,Marketing and Development Officer
59,https://www.idealist.org//en/job/3134161c2df74be9b3486ecfd4cee579-communications-associate-consumer-reports-washington,Communications Associate
60,https://www.idealist.org//en/nonprofit-job/55462ffb6fc7430dbac079e26ded9113-design-specialist-office-of-communications-the-urban-institute-washington-dc-washington,Design Specialist (Office of Communications)
61,https://www.idealist.org//en/nonprofit-job/b060bb7e8fef491e8fdb160bfe1cacda-chapter-coordinator-association-of-corporate-counsel-washington,Chapter Coordinator
62,https://www.idealist.org//en/nonprofit-job/ba065227b1604ebeb5b6dc68c3094e2e-assistant-director-of-development-annual-fund-edmund-burke-school-washington,"Assistant Director of Development, Annual Fund"
63,https://www.idealist.org//en/nonprofit-job/f42596aaeb0648d09fff4be07d992da9-membership-services-coordinator-general-federation-of-womens-clubs-washington,Membership Services Coordinator
64,https://www.idealist.org//en/job/686e9ee27c034824a1fb1eaecf16bf10-content-producer-for-live-event-programming-brainstorm-creative-resources-washington,Content Producer for Live Event Programming
65,https://www.idealist.org//en/nonprofit-job/7e88918ffa224c649ef9d7b80f7b0766-donor-relationship-manager-catholic-charities-of-the-diocese-of-arlington-arlington,Donor Relationship Manager
66,https://www.idealist.org//en/nonprofit-job/5bf7321550c64ef6ba74fedab5ca3266-dc-workforce-readiness-mentor-generation-you-employed-inc-washington,DC Workforce Readiness Mentor
67,https://www.idealist.org//en/consultant-job/ab011a8f2dd544eea9ff8ee7b996477d-operations-and-accounting-assistant-mr-washington,Operations and Accounting Assistant
68,https://www.idealist.org//en/nonprofit-job/c63a19ebebc14589a1fc51db086fdcf8-digital-associate-marketing-development-department-partnership-for-a-healthier-america-washington,"Digital Associate, Marketing & Development Department"
69,https://www.idealist.org//en/nonprofit-job/ecfce7c62ae24a0787fa5cdb12dd7ec9-executive-assistant-to-the-president-womens-learning-partnership-for-rights-development-and-peace-wlp-bethesda,Executive Assistant to the President
70,https://www.idealist.org//en/nonprofit-job/047906f2b8d54e019c91510694b7f74f-executive-director-stable-washington,Executive Director
71,https://www.idealist.org//en/nonprofit-job/ce134ad53bd44c4ca0264389c4702210-program-clerk-association-of-farmworker-opportunity-programs-washington,Program Clerk
72,https://www.idealist.org//en/nonprofit-job/30d60e56906c416092eb308ff3a89e31-communication-coordinator-association-of-farmworker-opportunity-programs-washington,Communication Coordinator
73,https://www.idealist.org//en/nonprofit-job/7f1696ca0a0649dfb3a398620af8c2d0-customer-engagement-manager-advanced-energy-economy-washington,Customer Engagement Manager
74,https://www.idealist.org//en/nonprofit-job/2e4fd249d3ea4206a88f6745010cf3ce-advancement-specialist-american-council-on-education-washington,Advancement Specialist
75,https://www.idealist.org//en/job/24b28233ea5345cb9f54e248e94daa24-development-and-communications-coordinator-careers-in-nonprofits-inc-washington,Development and Communications Coordinator
76,https://www.idealist.org//en/consultant-job/664e4e0d52514112a2ea1a4ff83fad5d-video-editor-in-house-rising-tide-interactive-washington,Video Editor (In-House)
77,https://www.idealist.org//en/nonprofit-job/b5443b053eb645348a974d369408dbb6-membership-development-assistant-glen-echo-park-partnership-for-arts-and-culture-inc-glen-echo,Membership & Development Assistant
78,https://www.idealist.org//en/nonprofit-job/58a1994e6a40430f8876857a4fed1745-marketing-and-development-officer-the-batonga-foundation-washington,Marketing and Development Officer
79,https://www.idealist.org//en/job/3134161c2df74be9b3486ecfd4cee579-communications-associate-consumer-reports-washington,Communications Associate
80,https://www.idealist.org//en/nonprofit-job/55462ffb6fc7430dbac079e26ded9113-design-specialist-office-of-communications-the-urban-institute-washington-dc-washington,Design Specialist (Office of Communications)
81,https://www.idealist.org//en/nonprofit-job/b060bb7e8fef491e8fdb160bfe1cacda-chapter-coordinator-association-of-corporate-counsel-washington,Chapter Coordinator
82,https://www.idealist.org//en/nonprofit-job/ba065227b1604ebeb5b6dc68c3094e2e-assistant-director-of-development-annual-fund-edmund-burke-school-washington,"Assistant Director of Development, Annual Fund"
83,https://www.idealist.org//en/nonprofit-job/f42596aaeb0648d09fff4be07d992da9-membership-services-coordinator-general-federation-of-womens-clubs-washington,Membership Services Coordinator
84,https://www.idealist.org//en/job/686e9ee27c034824a1fb1eaecf16bf10-content-producer-for-live-event-programming-brainstorm-creative-resources-washington,Content Producer for Live Event Programming
85,https://www.idealist.org//en/nonprofit-job/7e88918ffa224c649ef9d7b80f7b0766-donor-relationship-manager-catholic-charities-of-the-diocese-of-arlington-arlington,Donor Relationship Manager
86,https://www.idealist.org//en/nonprofit-job/5bf7321550c64ef6ba74fedab5ca3266-dc-workforce-readiness-mentor-generation-you-employed-inc-washington,DC Workforce Readiness Mentor
87,https://www.idealist.org//en/consultant-job/ab011a8f2dd544eea9ff8ee7b996477d-operations-and-accounting-assistant-mr-washington,Operations and Accounting Assistant
88,https://www.idealist.org//en/nonprofit-job/c63a19ebebc14589a1fc51db086fdcf8-digital-associate-marketing-development-department-partnership-for-a-healthier-america-washington,"Digital Associate, Marketing & Development Department"
89,https://www.idealist.org//en/nonprofit-job/ecfce7c62ae24a0787fa5cdb12dd7ec9-executive-assistant-to-the-president-womens-learning-partnership-for-rights-development-and-peace-wlp-bethesda,Executive Assistant to the President
90,https://www.idealist.org//en/nonprofit-job/047906f2b8d54e019c91510694b7f74f-executive-director-stable-washington,Executive Director
91,https://www.idealist.org//en/nonprofit-job/ce134ad53bd44c4ca0264389c4702210-program-clerk-association-of-farmworker-opportunity-programs-washington,Program Clerk
92,https://www.idealist.org//en/nonprofit-job/30d60e56906c416092eb308ff3a89e31-communication-coordinator-association-of-farmworker-opportunity-programs-washington,Communication Coordinator
93,https://www.idealist.org//en/nonprofit-job/7f1696ca0a0649dfb3a398620af8c2d0-customer-engagement-manager-advanced-energy-economy-washington,Customer Engagement Manager
94,https://www.idealist.org//en/nonprofit-job/2e4fd249d3ea4206a88f6745010cf3ce-advancement-specialist-american-council-on-education-washington,Advancement Specialist
95,https://www.idealist.org//en/job/24b28233ea5345cb9f54e248e94daa24-development-and-communications-coordinator-careers-in-nonprofits-inc-washington,Development and Communications Coordinator
96,https://www.idealist.org//en/consultant-job/664e4e0d52514112a2ea1a4ff83fad5d-video-editor-in-house-rising-tide-interactive-washington,Video Editor (In-House)
97,https://www.idealist.org//en/nonprofit-job/b5443b053eb645348a974d369408dbb6-membership-development-assistant-glen-echo-park-partnership-for-arts-and-culture-inc-glen-echo,Membership & Development Assistant
98,https://www.idealist.org//en/nonprofit-job/58a1994e6a40430f8876857a4fed1745-marketing-and-development-officer-the-batonga-foundation-washington,Marketing and Development Officer
99,https://www.idealist.org//en/job/3134161c2df74be9b3486ecfd4cee579-communications-associate-consumer-reports-washington,Communications Associate
100,https://www.idealist.org//en/nonprofit-job/55462ffb6fc7430dbac079e26ded9113-design-specialist-office-of-communications-the-urban-institute-washington-dc-washington,Design Specialist (Office of Communications)
101,https://www.idealist.org//en/nonprofit-job/b060bb7e8fef491e8fdb160bfe1cacda-chapter-coordinator-association-of-corporate-counsel-washington,Chapter Coordinator
102,https://www.idealist.org//en/nonprofit-job/ba065227b1604ebeb5b6dc68c3094e2e-assistant-director-of-development-annual-fund-edmund-burke-school-washington,"Assistant Director of Development, Annual Fund"
103,https://www.idealist.org//en/nonprofit-job/f42596aaeb0648d09fff4be07d992da9-membership-services-coordinator-general-federation-of-womens-clubs-washington,Membership Services Coordinator
104,https://www.idealist.org//en/job/686e9ee27c034824a1fb1eaecf16bf10-content-producer-for-live-event-programming-brainstorm-creative-resources-washington,Content Producer for Live Event Programming
105,https://www.idealist.org//en/nonprofit-job/7e88918ffa224c649ef9d7b80f7b0766-donor-relationship-manager-catholic-charities-of-the-diocese-of-arlington-arlington,Donor Relationship Manager
106,https://www.idealist.org//en/nonprofit-job/5bf7321550c64ef6ba74fedab5ca3266-dc-workforce-readiness-mentor-generation-you-employed-inc-washington,DC Workforce Readiness Mentor
107,https://www.idealist.org//en/consultant-job/ab011a8f2dd544eea9ff8ee7b996477d-operations-and-accounting-assistant-mr-washington,Operations and Accounting Assistant
108,https://www.idealist.org//en/nonprofit-job/c63a19ebebc14589a1fc51db086fdcf8-digital-associate-marketing-development-department-partnership-for-a-healthier-america-washington,"Digital Associate, Marketing & Development Department"
109,https://www.idealist.org//en/nonprofit-job/ecfce7c62ae24a0787fa5cdb12dd7ec9-executive-assistant-to-the-president-womens-learning-partnership-for-rights-development-and-peace-wlp-bethesda,Executive Assistant to the President
110,https://www.idealist.org//en/nonprofit-job/047906f2b8d54e019c91510694b7f74f-executive-director-stable-washington,Executive Director
111,https://www.idealist.org//en/nonprofit-job/ce134ad53bd44c4ca0264389c4702210-program-clerk-association-of-farmworker-opportunity-programs-washington,Program Clerk
112,https://www.idealist.org//en/nonprofit-job/30d60e56906c416092eb308ff3a89e31-communication-coordinator-association-of-farmworker-opportunity-programs-washington,Communication Coordinator
113,https://www.idealist.org//en/nonprofit-job/7f1696ca0a0649dfb3a398620af8c2d0-customer-engagement-manager-advanced-energy-economy-washington,Customer Engagement Manager
114,https://www.idealist.org//en/nonprofit-job/2e4fd249d3ea4206a88f6745010cf3ce-advancement-specialist-american-council-on-education-washington,Advancement Specialist
115,https://www.idealist.org//en/job/24b28233ea5345cb9f54e248e94daa24-development-and-communications-coordinator-careers-in-nonprofits-inc-washington,Development and Communications Coordinator
116,https://www.idealist.org//en/consultant-job/664e4e0d52514112a2ea1a4ff83fad5d-video-editor-in-house-rising-tide-interactive-washington,Video Editor (In-House)
117,https://www.idealist.org//en/nonprofit-job/b5443b053eb645348a974d369408dbb6-membership-development-assistant-glen-echo-park-partnership-for-arts-and-culture-inc-glen-echo,Membership & Development Assistant
118,https://www.idealist.org//en/nonprofit-job/58a1994e6a40430f8876857a4fed1745-marketing-and-development-officer-the-batonga-foundation-washington,Marketing and Development Officer
119,https://www.idealist.org//en/job/3134161c2df74be9b3486ecfd4cee579-communications-associate-consumer-reports-washington,Communications Associate
120,https://www.idealist.org//en/nonprofit-job/55462ffb6fc7430dbac079e26ded9113-design-specialist-office-of-communications-the-urban-institute-washington-dc-washington,Design Specialist (Office of Communications)
121,https://www.idealist.org//en/nonprofit-job/b060bb7e8fef491e8fdb160bfe1cacda-chapter-coordinator-association-of-corporate-counsel-washington,Chapter Coordinator
122,https://www.idealist.org//en/nonprofit-job/ba065227b1604ebeb5b6dc68c3094e2e-assistant-director-of-development-annual-fund-edmund-burke-school-washington,"Assistant Director of Development, Annual Fund"
123,https://www.idealist.org//en/nonprofit-job/f42596aaeb0648d09fff4be07d992da9-membership-services-coordinator-general-federation-of-womens-clubs-washington,Membership Services Coordinator
124,https://www.idealist.org//en/job/686e9ee27c034824a1fb1eaecf16bf10-content-producer-for-live-event-programming-brainstorm-creative-resources-washington,Content Producer for Live Event Programming
125,https://www.idealist.org//en/nonprofit-job/7e88918ffa224c649ef9d7b80f7b0766-donor-relationship-manager-catholic-charities-of-the-diocese-of-arlington-arlington,Donor Relationship Manager
126,https://www.idealist.org//en/nonprofit-job/5bf7321550c64ef6ba74fedab5ca3266-dc-workforce-readiness-mentor-generation-you-employed-inc-washington,DC Workforce Readiness Mentor
127,https://www.idealist.org//en/consultant-job/ab011a8f2dd544eea9ff8ee7b996477d-operations-and-accounting-assistant-mr-washington,Operations and Accounting Assistant
128,https://www.idealist.org//en/nonprofit-job/c63a19ebebc14589a1fc51db086fdcf8-digital-associate-marketing-development-department-partnership-for-a-healthier-america-washington,"Digital Associate, Marketing & Development Department"
129,https://www.idealist.org//en/nonprofit-job/ecfce7c62ae24a0787fa5cdb12dd7ec9-executive-assistant-to-the-president-womens-learning-partnership-for-rights-development-and-peace-wlp-bethesda,Executive Assistant to the President
130,https://www.idealist.org//en/nonprofit-job/047906f2b8d54e019c91510694b7f74f-executive-director-stable-washington,Executive Director
131,https://www.idealist.org//en/nonprofit-job/ce134ad53bd44c4ca0264389c4702210-program-clerk-association-of-farmworker-opportunity-programs-washington,Program Clerk
132,https://www.idealist.org//en/nonprofit-job/30d60e56906c416092eb308ff3a89e31-communication-coordinator-association-of-farmworker-opportunity-programs-washington,Communication Coordinator
133,https://www.idealist.org//en/nonprofit-job/7f1696ca0a0649dfb3a398620af8c2d0-customer-engagement-manager-advanced-energy-economy-washington,Customer Engagement Manager
134,https://www.idealist.org//en/nonprofit-job/2e4fd249d3ea4206a88f6745010cf3ce-advancement-specialist-american-council-on-education-washington,Advancement Specialist
135,https://www.idealist.org//en/job/24b28233ea5345cb9f54e248e94daa24-development-and-communications-coordinator-careers-in-nonprofits-inc-washington,Development and Communications Coordinator
136,https://www.idealist.org//en/consultant-job/664e4e0d52514112a2ea1a4ff83fad5d-video-editor-in-house-rising-tide-interactive-washington,Video Editor (In-House)
137,https://www.idealist.org//en/nonprofit-job/b5443b053eb645348a974d369408dbb6-membership-development-assistant-glen-echo-park-partnership-for-arts-and-culture-inc-glen-echo,Membership & Development Assistant
138,https://www.idealist.org//en/nonprofit-job/58a1994e6a40430f8876857a4fed1745-marketing-and-development-officer-the-batonga-foundation-washington,Marketing and Development Officer
139,https://www.idealist.org//en/job/3134161c2df74be9b3486ecfd4cee579-communications-associate-consumer-reports-washington,Communications Associate
140,https://www.idealist.org//en/nonprofit-job/55462ffb6fc7430dbac079e26ded9113-design-specialist-office-of-communications-the-urban-institute-washington-dc-washington,Design Specialist (Office of Communications)
141,https://www.idealist.org//en/nonprofit-job/b060bb7e8fef491e8fdb160bfe1cacda-chapter-coordinator-association-of-corporate-counsel-washington,Chapter Coordinator
142,https://www.idealist.org//en/nonprofit-job/ba065227b1604ebeb5b6dc68c3094e2e-assistant-director-of-development-annual-fund-edmund-burke-school-washington,"Assistant Director of Development, Annual Fund"
143,https://www.idealist.org//en/nonprofit-job/f42596aaeb0648d09fff4be07d992da9-membership-services-coordinator-general-federation-of-womens-clubs-washington,Membership Services Coordinator
144,https://www.idealist.org//en/job/686e9ee27c034824a1fb1eaecf16bf10-content-producer-for-live-event-programming-brainstorm-creative-resources-washington,Content Producer for Live Event Programming
145,https://www.idealist.org//en/nonprofit-job/7e88918ffa224c649ef9d7b80f7b0766-donor-relationship-manager-catholic-charities-of-the-diocese-of-arlington-arlington,Donor Relationship Manager
146,https://www.idealist.org//en/nonprofit-job/5bf7321550c64ef6ba74fedab5ca3266-dc-workforce-readiness-mentor-generation-you-employed-inc-washington,DC Workforce Readiness Mentor
147,https://www.idealist.org//en/consultant-job/ab011a8f2dd544eea9ff8ee7b996477d-operations-and-accounting-assistant-mr-washington,Operations and Accounting Assistant
148,https://www.idealist.org//en/nonprofit-job/c63a19ebebc14589a1fc51db086fdcf8-digital-associate-marketing-development-department-partnership-for-a-healthier-america-washington,"Digital Associate, Marketing & Development Department"
149,https://www.idealist.org//en/nonprofit-job/ecfce7c62ae24a0787fa5cdb12dd7ec9-executive-assistant-to-the-president-womens-learning-partnership-for-rights-development-and-peace-wlp-bethesda,Executive Assistant to the President
150,https://www.idealist.org//en/nonprofit-job/047906f2b8d54e019c91510694b7f74f-executive-director-stable-washington,Executive Director
151,https://www.idealist.org//en/nonprofit-job/ce134ad53bd44c4ca0264389c4702210-program-clerk-association-of-farmworker-opportunity-programs-washington,Program Clerk
152,https://www.idealist.org//en/nonprofit-job/30d60e56906c416092eb308ff3a89e31-communication-coordinator-association-of-farmworker-opportunity-programs-washington,Communication Coordinator
153,https://www.idealist.org//en/nonprofit-job/7f1696ca0a0649dfb3a398620af8c2d0-customer-engagement-manager-advanced-energy-economy-washington,Customer Engagement Manager
154,https://www.idealist.org//en/nonprofit-job/2e4fd249d3ea4206a88f6745010cf3ce-advancement-specialist-american-council-on-education-washington,Advancement Specialist
155,https://www.idealist.org//en/job/24b28233ea5345cb9f54e248e94daa24-development-and-communications-coordinator-careers-in-nonprofits-inc-washington,Development and Communications Coordinator
156,https://www.idealist.org//en/consultant-job/664e4e0d52514112a2ea1a4ff83fad5d-video-editor-in-house-rising-tide-interactive-washington,Video Editor (In-House)
157,https://www.idealist.org//en/nonprofit-job/b5443b053eb645348a974d369408dbb6-membership-development-assistant-glen-echo-park-partnership-for-arts-and-culture-inc-glen-echo,Membership & Development Assistant
158,https://www.idealist.org//en/nonprofit-job/58a1994e6a40430f8876857a4fed1745-marketing-and-development-officer-the-batonga-foundation-washington,Marketing and Development Officer
159,https://www.idealist.org//en/job/3134161c2df74be9b3486ecfd4cee579-communications-associate-consumer-reports-washington,Communications Associate
160,https://www.idealist.org//en/nonprofit-job/55462ffb6fc7430dbac079e26ded9113-design-specialist-office-of-communications-the-urban-institute-washington-dc-washington,Design Specialist (Office of Communications)
161,https://www.idealist.org//en/nonprofit-job/b060bb7e8fef491e8fdb160bfe1cacda-chapter-coordinator-association-of-corporate-counsel-washington,Chapter Coordinator
162,https://www.idealist.org//en/nonprofit-job/ba065227b1604ebeb5b6dc68c3094e2e-assistant-director-of-development-annual-fund-edmund-burke-school-washington,"Assistant Director of Development, Annual Fund"
163,https://www.idealist.org//en/nonprofit-job/f42596aaeb0648d09fff4be07d992da9-membership-services-coordinator-general-federation-of-womens-clubs-washington,Membership Services Coordinator
164,https://www.idealist.org//en/job/686e9ee27c034824a1fb1eaecf16bf10-content-producer-for-live-event-programming-brainstorm-creative-resources-washington,Content Producer for Live Event Programming
165,https://www.idealist.org//en/nonprofit-job/7e88918ffa224c649ef9d7b80f7b0766-donor-relationship-manager-catholic-charities-of-the-diocese-of-arlington-arlington,Donor Relationship Manager
166,https://www.idealist.org//en/nonprofit-job/5bf7321550c64ef6ba74fedab5ca3266-dc-workforce-readiness-mentor-generation-you-employed-inc-washington,DC Workforce Readiness Mentor
167,https://www.idealist.org//en/consultant-job/ab011a8f2dd544eea9ff8ee7b996477d-operations-and-accounting-assistant-mr-washington,Operations and Accounting Assistant
168,https://www.idealist.org//en/nonprofit-job/c63a19ebebc14589a1fc51db086fdcf8-digital-associate-marketing-development-department-partnership-for-a-healthier-america-washington,"Digital Associate, Marketing & Development Department"
169,https://www.idealist.org//en/nonprofit-job/ecfce7c62ae24a0787fa5cdb12dd7ec9-executive-assistant-to-the-president-womens-learning-partnership-for-rights-development-and-peace-wlp-bethesda,Executive Assistant to the President
170,https://www.idealist.org//en/nonprofit-job/047906f2b8d54e019c91510694b7f74f-executive-director-stable-washington,Executive Director
171,https://www.idealist.org//en/nonprofit-job/ce134ad53bd44c4ca0264389c4702210-program-clerk-association-of-farmworker-opportunity-programs-washington,Program Clerk
172,https://www.idealist.org//en/nonprofit-job/30d60e56906c416092eb308ff3a89e31-communication-coordinator-association-of-farmworker-opportunity-programs-washington,Communication Coordinator
173,https://www.idealist.org//en/nonprofit-job/7f1696ca0a0649dfb3a398620af8c2d0-customer-engagement-manager-advanced-energy-economy-washington,Customer Engagement Manager
174,https://www.idealist.org//en/nonprofit-job/2e4fd249d3ea4206a88f6745010cf3ce-advancement-specialist-american-council-on-education-washington,Advancement Specialist
175,https://www.idealist.org//en/job/24b28233ea5345cb9f54e248e94daa24-development-and-communications-coordinator-careers-in-nonprofits-inc-washington,Development and Communications Coordinator
176,https://www.idealist.org//en/consultant-job/664e4e0d52514112a2ea1a4ff83fad5d-video-editor-in-house-rising-tide-interactive-washington,Video Editor (In-House)
177,https://www.idealist.org//en/nonprofit-job/b5443b053eb645348a974d369408dbb6-membership-development-assistant-glen-echo-park-partnership-for-arts-and-culture-inc-glen-echo,Membership & Development Assistant
178,https://www.idealist.org//en/nonprofit-job/58a1994e6a40430f8876857a4fed1745-marketing-and-development-officer-the-batonga-foundation-washington,Marketing and Development Officer
179,https://www.idealist.org//en/job/3134161c2df74be9b3486ecfd4cee579-communications-associate-consumer-reports-washington,Communications Associate
180,https://www.idealist.org//en/nonprofit-job/55462ffb6fc7430dbac079e26ded9113-design-specialist-office-of-communications-the-urban-institute-washington-dc-washington,Design Specialist (Office of Communications)
181,https://www.idealist.org//en/nonprofit-job/b060bb7e8fef491e8fdb160bfe1cacda-chapter-coordinator-association-of-corporate-counsel-washington,Chapter Coordinator
182,https://www.idealist.org//en/nonprofit-job/ba065227b1604ebeb5b6dc68c3094e2e-assistant-director-of-development-annual-fund-edmund-burke-school-washington,"Assistant Director of Development, Annual Fund"
183,https://www.idealist.org//en/nonprofit-job/f42596aaeb0648d09fff4be07d992da9-membership-services-coordinator-general-federation-of-womens-clubs-washington,Membership Services Coordinator
184,https://www.idealist.org//en/job/686e9ee27c034824a1fb1eaecf16bf10-content-producer-for-live-event-programming-brainstorm-creative-resources-washington,Content Producer for Live Event Programming
185,https://www.idealist.org//en/nonprofit-job/7e88918ffa224c649ef9d7b80f7b0766-donor-relationship-manager-catholic-charities-of-the-diocese-of-arlington-arlington,Donor Relationship Manager
186,https://www.idealist.org//en/nonprofit-job/5bf7321550c64ef6ba74fedab5ca3266-dc-workforce-readiness-mentor-generation-you-employed-inc-washington,DC Workforce Readiness Mentor
187,https://www.idealist.org//en/consultant-job/ab011a8f2dd544eea9ff8ee7b996477d-operations-and-accounting-assistant-mr-washington,Operations and Accounting Assistant
188,https://www.idealist.org//en/nonprofit-job/c63a19ebebc14589a1fc51db086fdcf8-digital-associate-marketing-development-department-partnership-for-a-healthier-america-washington,"Digital Associate, Marketing & Development Department"
189,https://www.idealist.org//en/nonprofit-job/ecfce7c62ae24a0787fa5cdb12dd7ec9-executive-assistant-to-the-president-womens-learning-partnership-for-rights-development-and-peace-wlp-bethesda,Executive Assistant to the President
190,https://www.idealist.org//en/nonprofit-job/047906f2b8d54e019c91510694b7f74f-executive-director-stable-washington,Executive Director
191,https://www.idealist.org//en/nonprofit-job/ce134ad53bd44c4ca0264389c4702210-program-clerk-association-of-farmworker-opportunity-programs-washington,Program Clerk
192,https://www.idealist.org//en/nonprofit-job/30d60e56906c416092eb308ff3a89e31-communication-coordinator-association-of-farmworker-opportunity-programs-washington,Communication Coordinator
193,https://www.idealist.org//en/nonprofit-job/7f1696ca0a0649dfb3a398620af8c2d0-customer-engagement-manager-advanced-energy-economy-washington,Customer Engagement Manager
194,https://www.idealist.org//en/nonprofit-job/2e4fd249d3ea4206a88f6745010cf3ce-advancement-specialist-american-council-on-education-washington,Advancement Specialist
195,https://www.idealist.org//en/job/24b28233ea5345cb9f54e248e94daa24-development-and-communications-coordinator-careers-in-nonprofits-inc-washington,Development and Communications Coordinator
196,https://www.idealist.org//en/consultant-job/664e4e0d52514112a2ea1a4ff83fad5d-video-editor-in-house-rising-tide-interactive-washington,Video Editor (In-House)
197,https://www.idealist.org//en/nonprofit-job/b5443b053eb645348a974d369408dbb6-membership-development-assistant-glen-echo-park-partnership-for-arts-and-culture-inc-glen-echo,Membership & Development Assistant
198,https://www.idealist.org//en/nonprofit-job/58a1994e6a40430f8876857a4fed1745-marketing-and-development-officer-the-batonga-foundation-washington,Marketing and Development Officer
199,https://www.idealist.org//en/job/3134161c2df74be9b3486ecfd4cee579-communications-associate-consumer-reports-washington,Communications Associate
